Hospital Code,Hospital Name,Hospital Province,s25,s26,sent25,sent26,sales_trend,sent_trend,growth
HO00000001,安徽医科大学第一附属医院,安徽,56213.479999999996,60339.24,3.0,2.8333333333333335,上升,恶化,0.07339449541284408
HO00000002,安徽省胸科医院,安徽,88703.84,174313.36,3.0,2.6666666666666665,上升,恶化,0.9651162790697674
HO00000005,安徽省立医院,安徽,95923.92,0.0,2.0,2.3333333333333335,业务丢失,改善,-1.0
HO00000007,安徽省公共卫生临床中心,安徽,92829.6,61886.399999999994,1.0,2.5,下降,改善,-0.3333333333333334
HO00000034,中国人民解放军总医院第一医学中心,北京,222791.03999999998,408450.24,3.0,2.1666666666666665,上升,恶化,0.8333333333333335
HO00000038,301解放军总医院第八医学中心,北京,101596.84000000001,150590.24,3.0,2.1666666666666665,上升,恶化,0.4822335025380708
HO00000042,首都医科大学附属北京潞河医院,北京,206288.0,156778.88,3.0,3.0,下降,稳定,-0.24
HO00000047,北京大学第三医院,北京,148527.36,74263.68,2.0,2.1666666666666665,下降,改善,-0.5
HO00000050,中国中医科学院广安门医院,北京,42289.03999999999,0.0,2.0,2.0,业务丢失,稳定,-1.0
HO00000052,中国人民解放军火箭军特色医学中心,北京,2040704.04,1308897.36,3.0,3.0,下降,稳定,-0.35860500379075055
HO00000053,航天中心医院,北京,1299614.4,891164.1599999999,3.0,3.0,下降,稳定,-0.3142857142857143
HO00000054,北京华信医院,北京,92829.6,12893.0,3.0,2.1666666666666665,下降,恶化,-0.8611111111111112
HO00000055,中国人民解放军空军特色医学中心,北京,337280.88,710662.1599999999,3.0,1.1666666666666667,上升,恶化,1.1070336391437305
HO00000065,中国医学科学院阜外医院,北京,171734.75999999998,111395.51999999999,3.0,3.0,下降,稳定,-0.3513513513513513
HO00000066,中国人民解放军总医院第四医学中心,北京,222791.03999999998,0.0,3.0,2.1666666666666665,业务丢失,恶化,-1.0
HO00000071,首都医科大学附属北京同仁医院,北京,237746.92,928296.0,3.0,3.0,上升,稳定,2.904555314533622
HO00000072,首都医科大学附属复兴医院,北京,46414.8,56729.2,2.0,2.0,上升,稳定,0.22222222222222207
HO00000073,中国人民解放军总医院第六医学中心,北京,110364.08,51572.0,3.0,2.1666666666666665,下降,恶化,-0.5327102803738318
HO00000074,中国医学科学院北京协和医院,北京,121709.92,115521.28,3.0,1.8333333333333333,下降,恶化,-0.05084745762711864
HO00000078,首都医科大学附属北京佑安医院,北京,82515.2,97986.79999999999,3.0,3.0,上升,稳定,0.1874999999999999
HO00000079,中国人民解放军总医院第七医学中心,北京,214539.52,0.0,3.0,2.1666666666666665,业务丢失,恶化,-1.0
HO00000080,中日友好医院,北京,36100.4,0.0,1.3333333333333333,1.0,业务丢失,恶化,-1.0
HO00000093,北京医院,北京,108301.2,0.0,2.0,2.0,业务丢失,稳定,-1.0
HO00000094,首都医科大学附属北京天坛医院,北京,154716.0,282098.83999999997,3.0,3.0,上升,稳定,0.8233333333333331
HO00000102,北京大学人民医院,北京,228979.68,129445.72,2.0,2.0,下降,稳定,-0.4346846846846847
HO00000103,首都医科大学附属北京友谊医院,北京,400198.72,459506.52,1.8333333333333333,2.8333333333333335,上升,改善,0.14819587628865993
HO00000104,北京积水潭医院,北京,79420.88,70137.92,1.0,1.0,下降,稳定,-0.11688311688311696
HO00000107,应急总医院,北京,24754.56,15471.6,2.3333333333333335,3.0,下降,改善,-0.375
HO00000108,首都医科大学附属北京世纪坛医院,北京,603392.3999999999,624536.92,1.0,2.6666666666666665,平稳,改善,0.03504273504273527
HO00000110,首都医科大学附属首都儿童医学中心,北京,185143.47999999998,296539.0,3.0,2.6666666666666665,上升,恶化,0.6016713091922007
HO00000113,首都医科大学附属北京地坛医院,北京,41257.6,0.0,1.3333333333333333,3.0,业务丢失,改善,-1.0
HO00000114,首都医科大学附属北京安贞医院,北京,138728.68,15471.6,3.0,2.6666666666666665,下降,恶化,-0.8884758364312267
HO00000158,中国航天科工集团七三一医院,北京,146980.2,185659.2,2.8333333333333335,2.8333333333333335,上升,稳定,0.2631578947368421
HO00000168,北京中医药大学东方医院,北京,114489.84,15471.6,3.0,3.0,下降,稳定,-0.8648648648648648
HO00000255,北京朝阳医院京西院区,北京,813290.44,452286.44,3.0,3.0,下降,稳定,-0.4438807863031071
HO00000302,泉州市第一医院,福建,41257.6,0.0,1.0,1.3333333333333333,业务丢失,改善,-1.0
HO00000309,福建医科大学附属第二医院东海院区,福建,185659.19999999998,185659.19999999998,2.0,1.5,平稳,恶化,0.0
HO00000321,福建医科大学孟超肝胆医院,福建,61886.4,0.0,3.0,3.0,业务丢失,稳定,-1.0
HO00000346,厦门大学附属第一医院,福建,1846277.5999999999,1277438.44,3.0,1.6666666666666667,下降,恶化,-0.30810055865921787
HO00000348,中国人民解放军32251部队,福建,120678.48,188753.52,2.0,1.6666666666666667,上升,恶化,0.5641025641025641
HO00000353,厦门市第三医院,福建,74263.68,136150.08000000002,2.0,1.5,上升,恶化,0.8333333333333337
HO00000357,厦门医学院附属第二医院,福建,111395.51999999999,74263.68,3.0,2.0,下降,恶化,-0.3333333333333333
HO00000375,厦门市海沧医院,福建,325935.04,370286.95999999996,2.0,1.6666666666666667,上升,恶化,0.13607594936708856
HO00000376,中国人民解放军联勤保障部队第九〇九医院,福建,15471.6,297054.72,2.0,1.6666666666666667,上升,恶化,18.2
HO00000393,广州中医药大学第一附属医院,广东,188753.52000000002,68075.04000000001,3.0,1.8333333333333333,下降,恶化,-0.639344262295082
HO00000394,广州市第一人民医院,广东,494575.48,259922.87999999998,3.0,2.6666666666666665,下降,恶化,-0.4744525547445256
HO00000398,南方医科大学南方医院,广东,20628.8,12893.0,2.0,1.6666666666666667,下降,恶化,-0.375
HO00000399,广东省第二人民医院,广东,144401.6,0.0,2.0,2.8333333333333335,业务丢失,改善,-1.0
HO00000400,南方医科大学珠江医院,广东,1056710.28,1186156.0,2.3333333333333335,1.6666666666666667,上升,恶化,0.12249877989263053
HO00000404,广东省中医院,广东,206288.0,229495.4,2.0,1.6666666666666667,上升,恶化,0.11249999999999998
HO00000405,广州医科大学附属第二医院,广东,161936.08,37131.84,2.0,1.6666666666666667,下降,恶化,-0.7707006369426752
HO00000407,中国人民解放军南部战区总医院,广东,318714.95999999996,148527.36,3.0,3.0,下降,稳定,-0.5339805825242718
HO00000409,广州市番禺区妇幼保健院,广东,211445.19999999998,103144.0,2.0,2.0,下降,稳定,-0.5121951219512195
HO00000412,广州市妇女儿童医疗中心(儿童医院院区),广东,20628.8,30943.2,2.3333333333333335,3.0,上升,改善,0.5000000000000001
HO00000415,南方医科大学第三附属医院,广东,160904.63999999998,129961.44,1.0,1.0,下降,稳定,-0.1923076923076922
HO00000417,中山市人民医院,广东,206288.0,0.0,3.0,2.1666666666666665,业务丢失,恶化,-1.0
HO00000420,广州医科大学附属第一医院,广东,108301.20000000001,507468.48,2.0,2.0,上升,稳定,3.685714285714285
HO00000431,广州医科大学附属第五医院,广东,97986.8,146464.47999999998,2.0,2.0,上升,稳定,0.4947368421052629
HO00000444,佛山市第一人民医院,广东,104175.44,118099.88,2.0,2.0,上升,稳定,0.13366336633663367
HO00000447,江门市中心医院,广东,126867.12,326450.76,1.0,1.6666666666666667,上升,改善,1.5731707317073171
HO00000449,中山大学附属第六医院,广东,-22175.96,128930.0,3.0,1.8333333333333333,下降,恶化,
HO00000451,深圳市第三人民医院,广东,727680.92,774095.72,2.0,2.0,上升,稳定,0.06378454996456404
HO00000484,中山大学附属第五医院,广东,204225.12,0.0,3.0,2.1666666666666665,业务丢失,恶化,-1.0
HO00000502,南方医科大学顺德医院,广东,297054.72,0.0,3.0,2.1666666666666665,业务丢失,恶化,-1.0
HO00000522,中山大学附属第三医院,广东,110364.08,248061.31999999998,2.0,1.6666666666666667,上升,恶化,1.247663551401869
HO00000524,中山大学附属第一医院,广东,201130.8,51572.0,3.0,2.1666666666666665,下降,恶化,-0.7435897435897436
HO00000533,中山市中医院,广东,48993.4,45383.36,3.0,3.0,下降,稳定,-0.07368421052631581
HO00000537,东莞市第八人民医院,广东,371318.39999999997,395041.52,2.0,2.0,上升,稳定,0.06388888888888904
HO00000538,佛山市南海区中医院,广东,259922.88,73747.95999999999,2.0,2.0,下降,稳定,-0.7162698412698413
HO00000542,广东药科大学附属第一医院,广东,14440.16,0.0,1.0,1.0,业务丢失,稳定,-1.0
HO00000589,汕头市中心医院,广东,132024.32,36100.399999999994,2.0,2.0,下降,稳定,-0.7265625000000001
HO00000606,深圳市罗湖区人民医院,广东,30943.2,0.0,1.0,1.0,业务丢失,稳定,-1.0
HO00000608,深圳市第二人民医院,广东,110364.07999999999,25786.0,1.6666666666666667,2.0,下降,改善,-0.7663551401869159
HO00000609,深圳市人民医院,广东,35068.96,92829.6,2.0,2.0,上升,稳定,1.647058823529412
HO00000629,深圳市龙岗中心医院,广东,219181.0,155231.72,2.0,2.0,下降,稳定,-0.2917647058823529
HO00000631,北京大学深圳医院,广东,94892.47999999998,248577.03999999998,2.0,2.0,上升,稳定,1.6195652173913047
HO00000651,中国人民解放军联勤保障部队第九四〇医院,甘肃,10314.4,0.0,3.0,3.0,业务丢失,稳定,-1.0
HO00000656,兰州大学第二医院,甘肃,0.0,30943.199999999997,1.0,1.0,上升,稳定,
HO00000657,兰州大学第一医院,甘肃,403808.76,427016.16,2.1666666666666665,3.0,上升,改善,0.057471264367816
HO00000663,广西医科大学第一附属医院,广西,88703.84,39194.72,2.0,2.0,下降,稳定,-0.5581395348837209
HO00000665,广西壮族自治区人民医院,广西,195973.59999999998,141307.28,2.0,2.0,下降,稳定,-0.27894736842105256
HO00000712,河北医科大学第二医院,河北,429079.04000000004,309947.72,3.0,3.0,下降,稳定,-0.2776442307692309
HO00000725,石家庄市人民医院,河北,10314.4,20628.8,1.0,1.0,上升,稳定,1.0
HO00000731,邯郸市中心医院,河北,43836.200000000004,5672.92,1.0,1.0,下降,稳定,-0.8705882352941177
HO00000741,唐山市工人医院,河北,6188.64,0.0,1.0,1.0,业务丢失,稳定,-1.0
HO00000753,宜昌市中心人民医院,湖北,232074.0,77358.0,1.0,1.0,下降,稳定,-0.6666666666666666
HO00000755,武汉市中心医院,湖北,12377.28,253218.52000000002,1.0,1.0,上升,稳定,19.458333333333332
HO00000756,宜昌市中心人民医院西陵院区,湖北,93345.32,38679.0,1.0,1.0,下降,稳定,-0.5856353591160222
HO00000759,华中科技大学同济医学院附属协和医院,湖北,44867.64000000001,79936.6,3.0,1.6666666666666667,上升,恶化,0.7816091954022987
HO00000761,武汉大学中南医院,湖北,209898.04,174313.36000000002,2.0,2.0,下降,稳定,-0.1695331695331695
HO00000767,华中科技大学同济医学院附属同济医院,湖北,191847.84,121709.91999999998,3.0,3.0,下降,稳定,-0.36559139784946243
HO00000782,武汉亚心总医院有限公司,湖北,194942.15999999997,145433.04,3.0,2.1666666666666665,下降,恶化,-0.25396825396825384
HO00000795,国药东风总医院,湖北,334186.55999999994,297054.72,2.0,2.0,下降,稳定,-0.11111111111111104
HO00000806,哈尔滨医科大学附属第一医院,黑龙江,10830.12,0.0,1.0,1.0,业务丢失,稳定,-1.0
HO00000808,哈尔滨医科大学附属第二医院,黑龙江,0.0,8251.52,1.0,1.0,上升,稳定,
HO00000810,哈尔滨医科大学附属第四医院,黑龙江,0.0,8767.24,1.0,1.0,上升,稳定,
HO00000839,湖南省儿童医院,湖南,502827.0,257860.0,3.0,2.0,下降,恶化,-0.48717948717948717
HO00000842,中南大学湘雅三医院,湖南,495091.2,886522.6799999999,3.0,3.0,上升,稳定,0.7906249999999998
HO00000845,中南大学湘雅医院,湖南,27848.879999999997,0.0,3.0,3.0,业务丢失,稳定,-1.0
HO00000847,郴州市第一人民医院,湖南,220212.44,19597.36,2.0,2.0,下降,稳定,-0.9110070257611241
HO00000850,南华大学附属第二医院,湖南,0.0,28880.32,1.0,1.0,上升,稳定,
HO00000856,南华大学附属第一医院,湖南,64980.72,5157.2,1.0,1.0,下降,稳定,-0.9206349206349207
HO00000871,海南省人民医院龙华院区,海南,5157.2,515.72,2.0,2.0,下降,稳定,-0.8999999999999999
HO00000877,郑州大学第一附属医院(郑东院区),河南,439393.44,508499.92000000004,3.0,3.0,上升,稳定,0.1572769953051644
HO00000878,郑州市中心医院,河南,184627.75999999998,0.0,2.0,2.3333333333333335,业务丢失,改善,-1.0
HO00000879,郑州市第七人民医院,河南,434751.96,0.0,3.0,2.5,业务丢失,恶化,-1.0
HO00000880,河南科技大学第一附属医院,河南,211445.19999999998,148527.36,3.0,2.3333333333333335,下降,恶化,-0.2975609756097561
HO00000884,河南省人民医院,河南,321809.28,318199.24,3.0,2.6666666666666665,平稳,恶化,-0.011217948717948832
HO00000886,郑州大学第二附属医院,河南,442487.76,554399.0,3.0,2.1666666666666665,上升,恶化,0.2529137529137529
HO00000887,新乡市中心医院,河南,198552.2,113458.4,1.6666666666666667,1.8333333333333333,下降,改善,-0.42857142857142866
HO00000889,郑州市第三人民医院,河南,2062.88,0.0,1.0,1.0,业务丢失,稳定,-1.0
HO00000893,河南省胸科医院,河南,178439.12,37131.84,3.0,2.8333333333333335,下降,恶化,-0.791907514450867
HO00000894,南阳市中心医院,河南,39194.72,0.0,1.0,1.8333333333333333,业务丢失,改善,-1.0
HO00000895,郑州人民医院,河南,268174.4,37131.84,3.0,2.3333333333333335,下降,恶化,-0.8615384615384616
HO00000897,焦作市人民医院,河南,92829.6,52603.44,3.0,3.0,下降,稳定,-0.43333333333333335
HO00000904,河南省中医院,河南,203193.68000000002,94892.48,3.0,1.5,下降,恶化,-0.5329949238578681
HO00000920,吉林大学第二医院,吉林,47961.96,157810.32,1.0,1.0,上升,稳定,2.2903225806451615
HO00000926,吉林大学第一医院,吉林,125835.68000000001,57244.92,3.0,3.0,下降,稳定,-0.5450819672131147
HO00000939,徐州市中心医院,江苏,450223.56,556977.6,1.0,1.0,上升,稳定,0.23711340206185563
HO00000941,常州市第二人民医院,江苏,28880.32,-24238.84,1.1666666666666667,1.0,下降,恶化,-1.8392857142857144
HO00000958,江苏省人民医院,江苏,299117.6,228979.68,3.0,3.0,下降,稳定,-0.23448275862068962
HO00000959,南京市第一医院,江苏,272300.16,268174.4,3.0,2.3333333333333335,平稳,恶化,-0.015151515151514973
HO00000964,南京鼓楼医院,江苏,61370.67999999999,94376.76,3.0,2.8333333333333335,上升,恶化,0.5378151260504203
HO00000965,东南大学附属中大医院,江苏,205256.56,414123.16,3.0,2.1666666666666665,上升,恶化,1.0175879396984924
HO00000966,南京医科大学第二附属医院,江苏,241356.96,429079.0399999999,2.0,2.0,上升,稳定,0.7777777777777775
HO00000968,江苏省苏北人民医院,江苏,372349.84,356878.24,2.0,2.0,平稳,稳定,-0.04155124653739621
HO00000971,江苏省中医院,江苏,194942.16,150590.24,1.0,1.6666666666666667,下降,改善,-0.22751322751322758
HO00000972,中国人民解放军东部战区总医院,江苏,144401.59999999998,165030.4,1.0,1.0,上升,稳定,0.142857142857143
HO00000989,徐州医科大学附属医院,江苏,917981.6,511594.24,2.0,2.5,下降,改善,-0.44269662921348313
HO00000995,南京市中医院,江苏,262501.48,309432.0,2.0,2.0,上升,稳定,0.1787819253438115
HO00001021,南通市第一人民医院,江苏,142338.71999999997,111911.24,2.0,1.8333333333333333,下降,恶化,-0.2137681159420288
HO00001047,苏州市立医院,江苏,15471.6,-8251.52,2.0,2.0,下降,稳定,-1.5333333333333334
HO00001048,苏州大学附属第二医院,江苏,371318.4,332123.68,2.0,2.0,下降,稳定,-0.10555555555555562
HO00001049,苏州大学附属儿童医院(景德路院区),江苏,513657.12,259922.88,3.0,2.0,下降,恶化,-0.4939759036144578
HO00001051,苏州市立医院东区,江苏,743668.24,371318.39999999997,2.0,1.8333333333333333,下降,恶化,-0.5006934812760055
HO00001056,苏州市第九人民医院,江苏,597203.76,969037.8800000001,3.0,2.0,上升,恶化,0.6226252158894647
HO00001059,苏州大学附属第一医院十梓街院区,江苏,421858.96,20628.8,1.8333333333333333,2.0,下降,改善,-0.9511002444987775
HO00001066,南通大学附属医院,江苏,145948.76,1945811.56,2.0,1.8333333333333333,上升,恶化,12.332155477031801
HO00001110,苏州九龙医院,江苏,87672.4,146464.47999999998,3.0,2.0,上升,恶化,0.6705882352941176
HO00001134,徐州矿务集团总医院暨徐州医科大学院第二附属医院,江苏,515720.0,309432.0,3.0,2.6666666666666665,下降,恶化,-0.4
HO00001139,南昌大学第一附属医院,江西,372349.84,132024.32,3.0,3.0,下降,稳定,-0.6454293628808865
HO00001140,南昌大学第二附属医院,江西,133571.47999999998,37131.84,3.0,2.1666666666666665,下降,恶化,-0.722007722007722
HO00001141,江西省肿瘤医院,江西,37131.840000000004,30943.2,1.0,1.0,下降,稳定,-0.16666666666666674
HO00001146,江西中医药大学附属医院,江西,334186.56,408450.24,2.0,1.8333333333333333,上升,恶化,0.2222222222222222
HO00001147,江西省人民医院,江西,334186.56,15471.599999999999,3.0,2.1666666666666665,下降,恶化,-0.9537037037037037
HO00001155,大连医科大学附属第一医院,辽宁,0.0,18565.92,3.0,3.0,上升,稳定,
HO00001170,中国人民解放军联勤保障部队第九六七医院,辽宁,185659.19999999998,111395.51999999999,3.0,3.0,下降,稳定,-0.4
HO00001175,大连医科大学附属第二医院,辽宁,668373.12,928296.0,1.0,1.8333333333333333,上升,改善,0.3888888888888889
HO00001196,辽宁省金秋医院,辽宁,41257.6,0.0,1.0,1.0,业务丢失,稳定,-1.0
HO00001199,中国医科大学附属第一医院,辽宁,482713.92,1002559.6799999999,1.0,2.6666666666666665,上升,改善,1.0769230769230769
HO00001221,沈阳医学院附属中心医院,辽宁,5157.2,28364.6,2.0,2.0,上升,稳定,4.5
HO00001246,鄂尔多斯市中心医院,内蒙古,77358.0,33521.8,1.0,1.0,下降,稳定,-0.5666666666666667
HO00001248,内蒙古医科大学附属医院,内蒙古,77358.0,0.0,1.0,1.0,业务丢失,稳定,-1.0
HO00001249,内蒙古自治区人民医院,内蒙古,10314.4,15471.6,1.0,1.0,上升,稳定,0.5000000000000001
HO00001254,宁夏医科大学总医院,宁夏,1031.44,14955.880000000001,2.1666666666666665,3.0,上升,改善,13.5
HO00001255,宁夏回族自治区人民医院,宁夏,428563.32,185659.2,2.1666666666666665,3.0,下降,改善,-0.5667870036101083
HO00001297,四川大学华西医院,四川,188237.8,429594.76,2.0,2.0,上升,稳定,1.282191780821918
HO00001333,四川大学华西第二医院,四川,151105.96,334186.56,1.1666666666666667,2.1666666666666665,上升,改善,1.21160409556314
HO00001334,成都市第二人民医院,四川,592562.28,185659.2,3.0,2.1666666666666665,下降,恶化,-0.6866840731070496
HO00001338,成都市中西医结合医院,四川,37131.84,74263.68,3.0,3.0,上升,稳定,1.0
HO00001339,成都市第三人民医院,四川,408450.24,445582.08,2.0,2.8333333333333335,上升,改善,0.09090909090909097
HO00001341,四川省人民医院,四川,359972.56,348626.72,2.0,2.0,平稳,稳定,-0.03151862464183388
HO00001344,成都市第五人民医院,四川,476525.28,110364.07999999999,2.0,2.0,下降,稳定,-0.7683982683982685
HO00001347,中国人民解放军西部战区总医院,四川,1143351.24,952534.84,2.1666666666666665,2.0,下降,恶化,-0.1668921966621561
HO00001348,成都大学附属医院,四川,74263.68,37131.84,3.0,1.0,下降,恶化,-0.5
HO00001350,西南医科大学附属医院,四川,154200.28,140275.84,3.0,3.0,下降,稳定,-0.09030100334448161
HO00001358,川北医学院附属医院,四川,1076823.3599999999,556977.6,2.0,1.8333333333333333,下降,恶化,-0.48275862068965514
HO00001377,中国人民解放军陆军军医大学第二附属医院,重庆,1572430.28,705504.96,3.0,3.0,下降,稳定,-0.5513283043620859
HO00001378,陆军军医大学第一附属医院,重庆,1930855.68,1076823.36,3.0,3.0,下降,稳定,-0.44230769230769224
HO00001381,陆军特色医学中心,重庆,154716.0,44351.92,3.0,3.0,下降,稳定,-0.7133333333333334
HO00001382,重庆医科大学附属第一医院,重庆,1012874.0800000001,556977.6,3.0,3.0,下降,稳定,-0.45010183299389006
HO00001383,重庆医科大学附属第二医院,重庆,120678.48,-28880.32,3.0,3.0,下降,稳定,-1.2393162393162394
HO00001386,重庆医科大学附属儿童医院,重庆,1151087.04,854032.3200000001,3.0,3.0,下降,稳定,-0.25806451612903225
HO00001388,重庆大学附属肿瘤医院,重庆,85609.52,0.0,3.0,3.0,业务丢失,稳定,-1.0
HO00001390,重庆市急救医疗中心,重庆,88703.84,0.0,3.0,3.0,业务丢失,稳定,-1.0
HO00001391,重庆市中医院,重庆,87156.68000000001,134087.2,3.0,3.0,上升,稳定,0.5384615384615384
HO00001400,山东第一医科大学附属省立医院,山东,1250621.0,1782328.32,3.0,2.6666666666666665,上升,恶化,0.4251546391752578
HO00001401,济南市中心医院,山东,5157.2,44867.64,3.0,3.0,上升,稳定,7.700000000000001
HO00001403,山东第一医科大学第一附属医院,山东,1399664.08,1522405.44,3.0,3.0,上升,稳定,0.08769344141488568
HO00001404,山东大学齐鲁医院,山东,241356.96,37131.84,1.0,1.0,下降,稳定,-0.8461538461538461
HO00001405,济宁医学院附属医院,山东,46414.8,0.0,3.0,1.3333333333333333,业务丢失,恶化,-1.0
HO00001408,中国人民解放军联勤保障部队第九六〇医院,山东,0.0,1930855.68,2.3333333333333335,2.3333333333333335,上升,稳定,
HO00001410,滨州市人民医院,山东,136150.08000000002,366161.2,1.0,2.0,上升,改善,1.6893939393939392
HO00001412,山东第一医科大学附属肿瘤医院,山东,476525.27999999997,121709.91999999998,1.0,2.6666666666666665,下降,改善,-0.7445887445887446
HO00001415,聊城市人民医院,山东,556977.6,618864.0,3.0,3.0,上升,稳定,0.11111111111111116
HO00001418,山东中医药大学附属医院,山东,93861.04000000001,51572.0,1.0,2.3333333333333335,下降,改善,-0.4505494505494506
HO00001431,淄博市中心医院,山东,445582.08,222791.03999999998,3.0,3.0,下降,稳定,-0.5000000000000001
HO00001477,青岛大学附属医院,山东,74263.68,81999.48,2.0,2.8333333333333335,上升,改善,0.10416666666666671
HO00001481,青岛市妇女儿童医院,山东,185659.2,183596.32,2.0,1.1666666666666667,平稳,恶化,-0.011111111111111136
HO00001482,青岛市市立医院,山东,30943.199999999997,-10830.12,2.0,2.0,下降,稳定,-1.35
HO00001513,威海市立医院,山东,114489.84,103144.0,2.0,2.0,下降,稳定,-0.09909909909909907
HO00001521,潍坊市人民医院,山东,209898.03999999998,394010.08,3.0,1.3333333333333333,上升,恶化,0.8771498771498775
HO00001522,青岛大学附属烟台毓璜顶医院,山东,208350.88,15471.6,3.0,2.6666666666666665,下降,恶化,-0.9257425742574257
HO00001523,临沂市人民医院,山东,371318.39999999997,148527.36,2.0,2.0,下降,稳定,-0.6
HO00001527,中国人民解放军海军第九七一医院,山东,445582.08,408450.24,2.0,2.1666666666666665,下降,改善,-0.08333333333333338
HO00001535,复旦大学附属中山医院,上海,51572.0,46414.8,2.8333333333333335,3.0,下降,改善,-0.09999999999999995
HO00001536,上海中医药大学附属岳阳中西医结合医院,上海,158841.76,67043.6,3.0,1.8333333333333333,下降,恶化,-0.577922077922078
HO00001543,上海市第一人民医院,上海,154716.0,41257.6,2.0,1.8333333333333333,下降,恶化,-0.7333333333333333
HO00001546,上海市第七人民医院,上海,247545.6,36100.4,1.0,1.0,下降,稳定,-0.8541666666666667
HO00001552,上海交通大学医学院附属第九人民医院北部院区,上海,290866.08,255797.12,1.3333333333333333,2.0,下降,改善,-0.12056737588652489
HO00001560,上海交通大学医学院附属瑞金医院,上海,441456.32,792145.9199999999,3.0,2.1666666666666665,上升,恶化,0.7943925233644857
HO00001565,复旦大学附属华山医院,上海,185659.2,259922.87999999998,1.1666666666666667,2.3333333333333335,上升,改善,0.3999999999999998
HO00001579,长海医院虹口院区,上海,175344.8,87672.4,1.0,1.6666666666666667,下降,改善,-0.5
HO00001586,上海市同仁医院,上海,187206.36000000002,67043.6,3.0,3.0,下降,稳定,-0.6418732782369146
HO00001594,上海市儿童医院(北京西路院区),上海,263017.2,148527.36,2.5,1.8333333333333333,下降,恶化,-0.4352941176470589
HO00001595,复旦大学附属中山医院青浦分院,上海,0.0,1484757.8800000001,1.0,1.0,上升,稳定,
HO00001596,上海市肺科医院,上海,201130.80000000002,190816.4,2.0,1.6666666666666667,下降,恶化,-0.05128205128205139
HO00001606,中国人民解放军第二军医大学第二附属医院,上海,389884.31999999995,418764.64,2.0,1.1666666666666667,上升,恶化,0.07407407407407425
HO00001638,上海市第十人民医院,上海,408450.24,37131.84,3.0,3.0,下降,稳定,-0.9090909090909092
HO00001673,上海交通大学医学院附属第九人民医院,上海,245998.44,199067.92,2.0,2.0,下降,稳定,-0.19077568134171904
HO00001744,复旦大学附属眼耳鼻喉科医院,上海,371318.4,37131.84,3.0,2.1666666666666665,下降,恶化,-0.9000000000000001
HO00001762,上海交通大学医学院附属上海儿童医学中心,上海,788535.88,136665.8,1.0,2.0,下降,改善,-0.8266841072596469
HO00001779,山西省儿童医院,山西,339343.76,169671.88,3.0,2.3333333333333335,下降,恶化,-0.5
HO00001782,山西医科大学第一医院,山西,116552.72,-20628.8,1.0,2.0,下降,改善,-1.1769911504424777
HO00001787,山西省人民医院,山西,108301.2,165030.4,1.0,1.0,上升,稳定,0.5238095238095238
HO00001832,空军军医大学唐都医院,陕西,156263.15999999997,196489.31999999998,2.1666666666666665,2.5,上升,改善,0.2574257425742575
HO00001833,西安交通大学医学院第一附属医院,陕西,201130.8,285708.88,1.0,1.0,上升,稳定,0.42051282051282063
HO00001834,空军军医大学第一附属医院,陕西,1002559.6799999999,126867.12,3.0,3.0,下降,稳定,-0.8734567901234568
HO00001839,陕西省核工业二一五医院,陕西,224853.91999999998,180502.0,2.0,1.8333333333333333,下降,恶化,-0.1972477064220183
HO00001845,西安高新医院有限公司,陕西,111395.51999999999,0.0,2.8333333333333335,1.1666666666666667,业务丢失,恶化,-1.0
HO00001848,天津市胸科医院,天津,14440.16,3094.3199999999997,1.0,1.0,下降,稳定,-0.7857142857142857
HO00001851,中国医学科学院血液病医院,天津,165030.4,0.0,1.1666666666666667,2.3333333333333335,业务丢失,改善,-1.0
HO00001854,天津中医药大学第二附属医院,天津,190816.40000000002,118615.6,3.0,3.0,下降,稳定,-0.3783783783783784
HO00001864,天津医科大学总医院,天津,0.0,14440.16,1.0,1.0,上升,稳定,
HO00001865,天津市第一中心医院,天津,36100.4,25786.0,2.0,2.8333333333333335,下降,改善,-0.28571428571428575
HO00001867,天津市第三中心医院,天津,120678.48,0.0,3.0,3.0,业务丢失,稳定,-1.0
HO00001868,天津市肿瘤医院,天津,36100.4,0.0,3.0,2.3333333333333335,业务丢失,恶化,-1.0
HO00001884,天津市人民医院,天津,238262.64,126351.4,2.0,2.8333333333333335,下降,改善,-0.4696969696969698
HO00001909,新疆医科大学第一附属医院,新疆,238262.64,181533.44,2.0,2.8333333333333335,下降,改善,-0.23809523809523814
HO00001916,新疆维吾尔自治区人民医院,新疆,705504.96,482713.92,2.0,2.1666666666666665,下降,改善,-0.3157894736842105
HO00001931,新疆维吾尔族自治区中医医院,新疆,108301.2,154716.0,2.0,2.8333333333333335,上升,改善,0.4285714285714286
HO00001944,昆明市第一人民医院,云南,3094.3199999999997,0.0,1.5,1.0,业务丢失,恶化,-1.0
HO00001946,昆明医科大学第一附属医院,云南,251671.36000000002,37131.84,1.8333333333333333,2.0,下降,改善,-0.8524590163934427
HO00001948,中国人民解放军联勤保障部队第九二0医院,云南,60854.96,0.0,1.3333333333333333,1.0,业务丢失,恶化,-1.0
HO00001949,昆明市延安医院,云南,61886.399999999994,113458.4,3.0,3.0,上升,稳定,0.8333333333333334
HO00001950,云南省第一人民医院,云南,971616.48,587405.0800000001,1.0,1.0,下降,稳定,-0.3954352441613587
HO00001951,昆明医科大学第二附属医院,云南,54666.32,0.0,1.0,1.0,业务丢失,稳定,-1.0
HO00001954,昆明市儿童医院,云南,36100.4,139244.4,1.0,1.0,上升,稳定,2.857142857142857
HO00001960,曲靖市第一人民医院,云南,72200.8,65496.44,2.0,2.0,下降,稳定,-0.09285714285714286
HO00001973,杭州市第一人民医院,浙江,130992.87999999999,224853.91999999998,2.0,1.3333333333333333,上升,恶化,0.7165354330708662
HO00001974,杭州市红十字会医院,浙江,969037.88,816900.48,2.0,2.1666666666666665,下降,改善,-0.15699840340606708
HO00001976,浙江中医药大学附属第三医院,浙江,180502.0,0.0,1.0,2.6666666666666665,业务丢失,改善,-1.0
HO00001977,杭州市第一人民医院吴山院区,浙江,400198.72,37131.84,1.0,1.1666666666666667,下降,改善,-0.9072164948453609
HO00001980,浙江省人民医院,浙江,772032.84,368739.8,1.0,2.3333333333333335,下降,改善,-0.5223780895123581
HO00001981,浙江省中医院,浙江,111395.51999999999,24754.56,1.0,2.1666666666666665,下降,改善,-0.7777777777777778
HO00001983,浙江大学医学院附属第二医院,浙江,226916.8,46414.8,2.0,1.6666666666666667,下降,恶化,-0.7954545454545455
HO00001985,杭州市西湖区浙江医院,浙江,-28880.32,15471.6,2.0,2.0,下降,稳定,
HO00001987,浙江省肿瘤医院,浙江,37647.56,27333.16,3.0,3.0,下降,稳定,-0.273972602739726
HO00001988,嘉兴市第一医院,浙江,74263.68,112942.68000000001,2.0,1.6666666666666667,上升,恶化,0.5208333333333336
HO00001989,嘉兴市第二医院,浙江,389884.32,259922.87999999998,2.0,1.6666666666666667,下降,恶化,-0.3333333333333334
HO00001991,浙江大学医学院附属儿童医院,浙江,46414.8,68075.04000000001,3.0,3.0,上升,稳定,0.46666666666666673
HO00001992,绍兴市人民医院,浙江,271268.72,37131.84,3.0,2.6666666666666665,下降,恶化,-0.8631178707224335
HO00001993,浙江大学医学院附属第一医院城站院区,浙江,3896780.319981,1794189.879991,3.0,3.0,下降,稳定,-0.5395712016940826
HO00001995,湖州市中心医院,浙江,631241.28,567292.0,2.0,2.5,下降,改善,-0.1013071895424837
HO00001997,丽水市中心医院,浙江,183596.32,151621.68,2.0,2.8333333333333335,下降,改善,-0.17415730337078658
HO00001998,温州医科大学附属第一医院,浙江,111395.52,165546.12,2.5,3.0,上升,改善,0.486111111111111
HO00002002,浙江大学医学院附属第一医院,浙江,692096.24,668888.84,3.0,2.3333333333333335,平稳,恶化,-0.033532041728763076
HO00002003,金华市中心医院,浙江,177407.68,48993.4,2.0,2.5,下降,改善,-0.7238372093023256
HO00002005,平湖市第一人民医院,浙江,254765.68,123772.8,1.0,1.0,下降,稳定,-0.5141700404858299
HO00002035,义乌市中心医院,浙江,15471.6,0.0,2.0,2.0,业务丢失,稳定,-1.0
HO00002044,绍兴市上虞人民医院,浙江,56729.2,25270.28,3.0,3.0,下降,稳定,-0.5545454545454546
HO00002125,宁波大学附属第一医院(月湖院区),浙江,336765.16,224853.91999999998,2.0,2.3333333333333335,下降,改善,-0.332312404287902
HO00002126,浙江省台州医院,浙江,0.0,59823.52,1.0,1.0,上升,稳定,
HO00002134,宁波市医疗中心李惠利医院,浙江,677656.08,74263.68,2.0,1.6666666666666667,下降,恶化,-0.8904109589041095
HO00002138,余姚市人民医院,浙江,126867.12,23723.12,3.0,2.5,下降,恶化,-0.8130081300813008
HO00002166,温州市中心医院,浙江,1410494.2,245998.44,3.0,2.3333333333333335,下降,恶化,-0.8255941499085924
HO00002167,温州市人民医院,浙江,148527.36,0.0,3.0,2.3333333333333335,业务丢失,恶化,-1.0
HO00002169,瑞安市人民医院(万松院区),浙江,259922.87999999998,158841.75999999998,3.0,2.6666666666666665,下降,恶化,-0.3888888888888889
HO00002171,衢州市人民医院,浙江,185659.19999999998,200099.36,2.0,2.5,上升,改善,0.0777777777777778
HO00002176,浙江省立同德医院,浙江,163483.24,114489.84,1.0,2.8333333333333335,下降,改善,-0.29968454258675076
HO00002178,乐清市人民医院,浙江,41773.32000000001,0.0,3.0,2.5,业务丢失,恶化,-1.0
HO00002189,温州医科大学附属第二医院,浙江,224853.91999999998,176891.96,2.0,2.1666666666666665,下降,改善,-0.21330275229357795
HO00002190,温州市中医院,浙江,315620.64,297054.72,3.0,2.6666666666666665,下降,恶化,-0.05882352941176484
HO00002193,浙江省医疗健康集团衢州医院,浙江,0.0,74263.68,2.0,2.6666666666666665,上升,改善,
HO00002194,浙江萧山医院,浙江,154716.0,136150.08000000002,3.0,3.0,下降,稳定,-0.1199999999999999
HO00002201,台州市中心医院,浙江,257859.99999999997,526550.12,1.0,2.3333333333333335,上升,改善,1.042
HO00002206,丽水市人民医院,浙江,148527.36,-32490.359999999993,2.0,2.8333333333333335,下降,改善,-1.21875
HO00002211,苍南县人民医院,浙江,464148.0,1560568.72,3.0,2.5,上升,恶化,2.362222222222222
HO00002260,中国人民解放军联勤保障部队第九二三医院,广西,5157.2,0.0,2.0,1.6666666666666667,业务丢失,恶化,-1.0
HO00002267,首都医科大学附属北京儿童医院保定医院,河北,216602.4,51572.0,3.0,2.1666666666666665,下降,恶化,-0.7619047619047619
HO00002306,南阳医学高等专科学校第一附属医院,河南,58792.08,30943.2,1.0,1.0,下降,稳定,-0.4736842105263158
HO00002312,河南省儿童医院,河南,5078294.84,4534725.96,3.0,2.1666666666666665,下降,恶化,-0.10703767644968008
HO00002317,许昌市中心医院,河南,381632.79999999993,0.0,3.0,2.1666666666666665,业务丢失,恶化,-1.0
HO00002401,长治市人民医院,山西,74263.68,51572.0,3.0,2.3333333333333335,下降,恶化,-0.30555555555555547
HO00002462,东莞康华医院有限公司,广东,147495.91999999998,132540.04,3.0,3.0,下降,稳定,-0.10139860139860124
HO00002485,广西壮族自治区妇幼保健院,广西,41257.6,0.0,1.0,1.0,业务丢失,稳定,-1.0
HO00002778,六安市人民医院,安徽,1028861.4,987603.8,2.0,2.3333333333333335,平稳,改善,-0.04010025062656639
HO00002856,安徽医科大学第二附属医院,安徽,997402.48,646712.88,2.8333333333333335,2.5,下降,恶化,-0.35160289555325747
HO00002894,合肥市传染病医院,安徽,0.0,69622.2,1.0,1.0,上升,稳定,
HO00002956,安徽医科大学第一附属医院南区,安徽,132024.32,164514.68,3.0,2.8333333333333335,上升,恶化,0.2460937499999999
HO00003014,北京市顺义区妇幼保健院,北京,157810.32,259922.88,2.0,2.0,上升,稳定,0.6470588235294117
HO00008081,广州市妇女儿童医疗中心增城院区,广东,41773.32,26301.72,2.0,1.5,下降,恶化,-0.37037037037037035
HO00009486,惠州市第一人民医院,广东,97986.8,51572.0,1.0,1.8333333333333333,下降,改善,-0.4736842105263158
HO00010443,深圳市龙华区中心医院,广东,195973.6,116552.72,2.0,1.6666666666666667,下降,恶化,-0.4052631578947369
HO00011452,广西医科大学第二附属医院,广西,601329.52,1225350.72,2.0,1.8333333333333333,上升,恶化,1.0377358490566038
HO00015034,驻马店市中心医院,河南,259922.88,37131.84,1.0,1.6666666666666667,下降,改善,-0.8571428571428572
HO00015447,漯河市中心医院,河南,159873.2,0.0,2.6666666666666665,3.0,业务丢失,改善,-1.0
HO00015609,吉林大学第一医院二部,吉林,-9282.96,10314.4,3.0,3.0,下降,稳定,
HO00019093,赣州市人民医院,江西,950987.68,703957.8,1.0,1.8333333333333333,下降,改善,-0.25976138828633405
HO00019368,赣南医科大学第一附属医院,江西,432173.36,272300.16000000003,3.0,2.1666666666666665,下降,恶化,-0.36992840095465385
HO00019517,九江市第一人民医院,江西,515.72,30943.2,2.0,2.8333333333333335,上升,改善,58.99999999999999
HO00023350,成都医学院第一附属医院,四川,142338.71999999997,0.0,1.8333333333333333,1.0,业务丢失,恶化,-1.0
HO00023439,成都市温江区人民医院,四川,247029.88,87672.4,2.0,2.0,下降,稳定,-0.6450939457202506
HO00023934,山东第一医科大学附属眼科医院,山东,264564.36,291897.52,3.0,3.0,上升,稳定,0.10331384015594555
HO00024058,山东省立第三医院,山东,252702.8,25786.0,2.0,2.3333333333333335,下降,改善,-0.8979591836734694
HO00024983,山东第一医科大学附属眼科研究所,山东,631241.28,259922.88,3.0,3.0,下降,稳定,-0.5882352941176471
HO00025841,潍坊市第二人民医院,山东,222791.03999999998,74263.68,1.0,1.0,下降,稳定,-0.6666666666666666
HO00029256,延安大学附属医院,陕西,68075.04,139244.4,2.0,1.8333333333333333,上升,恶化,1.0454545454545456
HO00029339,汉中市中心医院,陕西,0.0,51572.0,2.0,2.0,上升,稳定,
HO00029388,西安市第三医院,陕西,173797.64,10314.4,2.0,2.0,下降,稳定,-0.940652818991098
HO00031943,保山市人民医院,云南,37131.84,-58792.08,3.0,3.0,下降,稳定,-2.5833333333333335
HO00032553,杭州市钱塘医院,浙江,992245.28,684876.16,2.0,2.1666666666666665,下降,改善,-0.30977130977130973
HO00036781,上海新道培血液病医院有限公司,上海,240325.52000000002,144401.6,2.0,2.0,下降,稳定,-0.39914163090128757
HO00039936,南京明基医院有限公司,江苏,46414.8,99018.23999999999,3.0,3.0,上升,稳定,1.133333333333333
HO00054987,广东省人民医院,广东,705504.96,859189.52,3.0,2.1666666666666665,上升,恶化,0.2178362573099416
HO00055431,合肥市第一人民医院滨湖院区,安徽,1020609.88,556977.6,3.0,2.8333333333333335,下降,恶化,-0.45426983324911574
HO00059726,安徽省立医院南区,安徽,74263.68,74263.68,3.0,2.6666666666666665,平稳,恶化,0.0
HO00068300,河北燕达陆道培医院有限公司,河北,2302174.08,4196413.640000001,3.0,3.0,上升,稳定,0.8228046594982081
HO00069289,东莞台心医院,广东,767391.36,125835.68,3.0,3.0,下降,稳定,-0.836021505376344
HO00071260,中山大学附属第三医院岭南医院,广东,2229973.2800000003,1522405.44,1.0,1.5,下降,改善,-0.3172987974098058
HO00072793,青岛市西海岸医院,山东,163998.96,37131.84,2.0,2.0,下降,稳定,-0.7735849056603774
HO00085529,山西白求恩医院,山西,62917.840000000004,15471.599999999999,1.0,1.0,下降,稳定,-0.7540983606557378
HO00086323,河南科技大学第一附属医院新区医院,河南,371318.4,148011.63999999998,3.0,2.3333333333333335,下降,恶化,-0.601388888888889
HO00086588,广州医科大学附属第二医院番禺院区,广东,146980.2,193395.0,2.0,1.6666666666666667,上升,恶化,0.3157894736842104
HO00086741,复旦大学附属华山医院东院,上海,300664.75999999995,266111.52,3.0,2.6666666666666665,下降,恶化,-0.11492281303602038
HO00089298,华中科技大学同济医学院附属协和医院车谷院区,湖北,123772.8,30943.199999999997,2.0,1.6666666666666667,下降,恶化,-0.75
HO00091422,成都上锦南府医院,四川,936547.52,148527.36,3.0,2.1666666666666665,下降,恶化,-0.8414096916299559
HO00092396,解放军总医院海南分院,海南,37131.84,71685.07999999999,3.0,1.0,上升,恶化,0.9305555555555554
HO00094130,上海交通大学医学院附属瑞金医院北院,上海,340375.19999999995,127382.84,2.0,2.0,下降,稳定,-0.6257575757575757
HO00099750,复旦大学附属华山医院北院,上海,668373.12,417733.2,1.3333333333333333,1.6666666666666667,下降,改善,-0.375
HO00104790,青岛山大齐鲁医院,山东,293960.4,180502.0,1.5,2.0,下降,改善,-0.3859649122807018
HO00106862,漳州正兴医院,福建,268174.39999999997,133055.75999999998,3.0,2.1666666666666665,下降,恶化,-0.5038461538461538
HO00111872,苏州大学附属第四医院,江苏,98502.52,96955.36,3.0,3.0,平稳,稳定,-0.015706806282722547
HO00113549,天津医科大学总医院空港医院,天津,561103.36,185659.19999999998,3.0,2.3333333333333335,下降,恶化,-0.6691176470588236
HO00115553,浙江大学医学院附属儿童医院滨江院区,浙江,-515.72,67043.6,3.0,2.6666666666666665,下降,恶化,
HO00116324,浙江大学医学院附属第四医院,浙江,20628.8,0.0,2.0,2.1666666666666665,业务丢失,改善,-1.0
HO00122455,昆明市第一人民医院甘美医院,云南,25270.28,15471.6,1.5,1.0,下降,恶化,-0.38775510204081626
HO00122556,杭州市滨江医院,浙江,612675.36,334186.56,1.0,1.1666666666666667,下降,改善,-0.45454545454545453
HO00122558,中国人民解放军联勤保障部队第九〇三医院机场路院区,浙江,123772.8,239294.08000000002,1.0,1.3333333333333333,上升,改善,0.9333333333333335
HO00122654,北京大学国际医院,北京,870535.36,535317.36,2.0,3.0,下降,改善,-0.38507109004739337
HO00123331,四川友谊医院有限责任公司,四川,195973.6,10314.4,3.0,3.0,下降,稳定,-0.9473684210526316
HO00125366,北京京都儿童医院有限公司,北京,288803.19999999995,15471.599999999999,3.0,2.1666666666666665,下降,恶化,-0.9464285714285715
HO00126566,昆明医科大学第一附属医院呈贡医院,云南,77358.0,-4125.76,1.0,1.0,下降,稳定,-1.0533333333333332
HO00127664,杭州市余杭区第一人民医院,浙江,204225.12,72716.52,1.0,1.1666666666666667,下降,改善,-0.6439393939393938
HO00133714,重庆松山医院,重庆,87672.4,244967.0,3.0,3.0,上升,稳定,1.7941176470588238
HO00136376,南方医科大学深圳医院,广东,250124.2,368224.08,1.0,1.8333333333333333,上升,改善,0.47216494845360824
HO00136444,树兰(杭州)医院有限公司,浙江,10314.4,0.0,3.0,3.0,业务丢失,稳定,-1.0
HO00136682,海南省肿瘤医院,海南,25786.0,34037.52,2.3333333333333335,1.0,上升,恶化,0.3199999999999999
HO00136850,首都医科大学附属北京同仁医院(南区),北京,1400179.7999999998,1641021.04,3.0,3.0,上升,稳定,0.17200736648250478
HO00141099,上海市第一人民医院南院,上海,742636.8,668373.12,1.8333333333333333,1.5,下降,恶化,-0.10000000000000006
HO00142377,重庆医科大学附属第三医院,重庆,170187.6,0.0,3.0,3.0,业务丢失,稳定,-1.0
HO00143374,广州市第一人民医院南沙医院,广东,474462.4,195973.59999999998,2.0,2.0,下降,稳定,-0.5869565217391305
HO00149539,郑州大学第一附属医院南院区,河南,45899.08,0.0,3.0,3.0,业务丢失,稳定,-1.0
HO00150258,安徽医科大学第一附属医院高新院区,安徽,355846.8,297054.72,2.8333333333333335,2.6666666666666665,下降,恶化,-0.16521739130434787
HO00152084,舟山医院,浙江,0.0,96955.36,2.0,1.3333333333333333,上升,恶化,
HO00156798,厦门弘爱医院,福建,144401.6,371318.39999999997,2.0,2.0,上升,稳定,1.5714285714285712
HO00158219,华中科技大学同济医学院附属同济医院中法新城院区,湖北,351721.04000000004,248577.03999999998,3.0,3.0,下降,稳定,-0.2932551319648095
HO00158853,中山大学附属第七医院(深圳),广东,649807.2,756561.24,2.0,2.0,上升,稳定,0.16428571428571437
HO00160437,北京陆道培医院有限公司,北京,1533751.28,973679.36,3.0,3.0,下降,稳定,-0.36516476126429054
HO00163055,上海闸新中西医结合医院有限公司,上海,334186.55999999994,297054.72,3.0,2.8333333333333335,下降,恶化,-0.11111111111111104
HO00165289,唐山市中心医院有限公司,河北,2578.6,12893.0,1.0,1.0,上升,稳定,4.0
HO00169084,河北燕达医院,河北,78389.44,10314.4,3.0,3.0,下降,稳定,-0.868421052631579
HO00170871,阜外华中心血管病医院,河南,121709.91999999998,126867.12,2.0,2.0,平稳,稳定,0.042372881355932306
HO00174878,首都医科大学附属北京友谊医院通州院区,北京,211445.2,111395.52,1.0,2.6666666666666665,下降,改善,-0.4731707317073171
HO00175023,深圳大学总医院,广东,173281.91999999998,55182.04,1.0,1.0,下降,稳定,-0.681547619047619
HO00175180,广州市妇女儿童医疗中心(珠江新城院区),广东,697253.44,537380.24,2.0,1.5,下降,恶化,-0.22928994082840232
HO00178635,浙江大学医学院附属第一医院余杭院区,浙江,222791.03999999998,74263.68,3.0,2.0,下降,恶化,-0.6666666666666666
HO00186556,重庆医科大学附属第二医院(江南院区),重庆,144401.6,214539.52,3.0,3.0,上升,稳定,0.4857142857142856
HO00186577,北京大学人民医院(通州院区),北京,74263.68,126867.12,2.0,2.0,上升,稳定,0.7083333333333335
HO00187965,前海人寿(广州)总医院有限公司,广东,252702.8,123772.80000000002,3.0,3.0,下降,稳定,-0.510204081632653
HO00190515,西安国际医学中心有限公司,陕西,936547.52,501279.83999999997,2.6666666666666665,1.0,下降,恶化,-0.4647577092511014
HO00195947,北京高博博仁医院有限公司,北京,250639.91999999998,716850.8,3.0,3.0,上升,稳定,1.8600823045267494
HO00215846,泰康同济(武汉)医院,湖北,125835.68,259922.87999999998,3.0,3.0,上升,稳定,1.0655737704918031
HO00238605,浙江大学医学院附属第一医院之江院区,浙江,267142.95999999996,111395.51999999999,3.0,2.5,下降,恶化,-0.583011583011583
HO00249132,浙江省中医院(钱塘院区),浙江,1197501.8399999999,847843.68,2.0,2.1666666666666665,下降,改善,-0.29198966408268723
HO00257398,广东崇爱康复医院有限公司,广东,74263.68,36100.4,2.0,2.0,下降,稳定,-0.5138888888888888
HO00260339,温州医科大学附属眼视光医院,浙江,111395.51999999999,37131.84,3.0,2.3333333333333335,下降,恶化,-0.6666666666666666
HO00261767,郑州大学第一附属医院,河南,108301.2,46414.8,3.0,3.0,下降,稳定,-0.5714285714285714
HO00267360,成都京东方医院,四川,44351.92,151621.68,3.0,3.0,上升,稳定,2.4186046511627906
HO00268104,复旦大学附属华山医院西院,上海,84062.36,172250.48,1.1666666666666667,1.0,上升,恶化,1.0490797546012272
HO00271472,青岛市市立医院(东院区),山东,26301.72,12377.28,2.0,2.0,下降,稳定,-0.5294117647058824
HO00275299,中国人民解放军总医院第二医学中心,北京,83546.64,89735.28,3.0,2.1666666666666665,上升,恶化,0.07407407407407407
HO00285512,北京陆道培血液病医院有限公司,北京,103144.0,136665.8,3.0,3.0,上升,稳定,0.3249999999999999
HO00286516,瑞安市人民医院瑞祥院区,浙江,87672.4,36100.4,3.0,2.6666666666666665,下降,恶化,-0.588235294117647
HO00290980,四川大学华西天府医院,四川,233105.44,37131.84,2.0,2.0,下降,稳定,-0.8407079646017699
HO00293920,武汉亚洲心脏病医院,湖北,248577.04,372349.83999999997,3.0,2.1666666666666665,上升,恶化,0.49792531120331934
HO00295157,前海人寿(广西)医院有限公司,广西,287771.76,411028.83999999997,3.0,2.0,上升,恶化,0.42831541218637975
HO00297269,温州医科大学附属第一医院新院区,浙江,854032.32,742121.0800000001,3.0,3.0,下降,稳定,-0.13103864734299503
HO00307032,广州皇家丽肿瘤医院有限公司,广东,222791.03999999998,483745.36,2.0,2.0,上升,稳定,1.1712962962962965
HO00307823,苏州大学附属第一医院总院,江苏,504374.16,111395.51999999999,2.0,2.0,下降,稳定,-0.7791411042944786
HO00308068,苏州大学附属儿童医院,江苏,284677.44,317683.51999999996,2.0,1.8333333333333333,上升,恶化,0.1159420289855071
HO00308231,北京大学人民医院青岛医院,山东,85093.8,26817.44,2.0,2.0,下降,稳定,-0.6848484848484848
HO00318559,中山大学附属第一(南沙)医院,广东,1442984.56,816900.48,2.0,2.0,下降,稳定,-0.4338813438170122
HO00321376,华中科技大学同济医学院附属协和医院金银湖院区,湖北,144401.6,228979.68,2.0,1.6666666666666667,上升,恶化,0.5857142857142856
HO00321696,中山大学附属第一医院广西医院,广西,371318.39999999997,15471.6,2.0,2.0,下降,稳定,-0.9583333333333334
HO00336321,浙江省台州医院东院区,浙江,320777.83999999997,183596.31999999998,1.0,2.1666666666666665,下降,改善,-0.42765273311897106
HO00344333,广州医科大学附属第一医院大坦沙院区,广东,64465.0,111395.51999999999,2.0,2.0,上升,稳定,0.7279999999999999
HO00350476,安徽中科庚玖医院有限公司,安徽,278488.8,167093.28,3.0,3.0,下降,稳定,-0.39999999999999997
HO00369470,宁波大学附属第一医院方桥院区,浙江,113458.40000000001,67043.6,2.0,2.3333333333333335,下降,改善,-0.40909090909090906
HO00369550,浙江大学医学院附属儿童医院莫干山院区,浙江,45383.36,0.0,3.0,3.0,业务丢失,稳定,-1.0
HO00370171,北京高博医院有限公司,北京,461569.4,46414.799999999996,3.0,3.0,下降,稳定,-0.8994413407821229
HO00392487,四川泰康医院有限公司,四川,149558.8,46414.8,3.0,3.0,下降,稳定,-0.689655172413793
HO00393048,浙江省人民医院越城院区,浙江,10314.4,64980.72,3.0,2.6666666666666665,上升,恶化,5.3
HO00393256,中国医学科学院血液病医院(团泊院区),天津,248061.32,195973.6,3.0,2.5,下降,恶化,-0.20997920997921
HO00394484,浙江大学医学院附属邵逸夫医院大运河院区,浙江,594109.44,1342934.88,2.0,2.1666666666666665,上升,改善,1.2604166666666667
HO00400885,浙江大学医学院附属邵逸夫医院(绍兴院区),浙江,111395.51999999999,55697.759999999995,2.0,1.8333333333333333,下降,恶化,-0.5
HO00403735,航天中心医院苏家坨院区,北京,334186.55999999994,148527.36,3.0,3.0,下降,稳定,-0.5555555555555555
HO00423143,北京大学第三医院海淀北部院区,北京,125835.68,134087.2,2.0,2.0,上升,稳定,0.06557377049180343
